tipo,objeto,arquivo,capturado_em,linhas
FUNCTION,ACT_CONFIRMAR,functions/ACT_CONFIRMAR.SQL,08/10/2026,32
FUNCTION,ACT_DEC_FIELD,functions/ACT_DEC_FIELD.SQL,08/10/2026,29
FUNCTION,ACT_DEC_PARAM,functions/ACT_DEC_PARAM.SQL,08/10/2026,29
FUNCTION,ACT_DTA_FIELD,functions/ACT_DTA_FIELD.SQL,08/10/2026,30
FUNCTION,ACT_DTA_PARAM,functions/ACT_DTA_PARAM.SQL,08/10/2026,30
FUNCTION,ACT_ESCOLHER_SIMNAO,functions/ACT_ESCOLHER_SIMNAO.SQL,08/10/2026,31
FUNCTION,ACT_INT_FIELD,functions/ACT_INT_FIELD.SQL,08/10/2026,30
FUNCTION,ACT_INT_PARAM,functions/ACT_INT_PARAM.SQL,08/10/2026,30
FUNCTION,ACT_TXT_FIELD,functions/ACT_TXT_FIELD.SQL,08/10/2026,30
FUNCTION,ACT_TXT_PARAM,functions/ACT_TXT_PARAM.SQL,08/10/2026,30
FUNCTION,DANFE_BUILDDRAZAOSOCIAL,functions/DANFE_BUILDDRAZAOSOCIAL.SQL,08/10/2026,23
FUNCTION,DANFE_BUILDRAZAOSOCIAL,functions/DANFE_BUILDRAZAOSOCIAL.SQL,08/10/2026,23
FUNCTION,DEC2HR,functions/DEC2HR.SQL,08/10/2026,21
FUNCTION,DTL_BOLETO_POLIPRINT,functions/DTL_BOLETO_POLIPRINT.SQL,08/10/2026,44
FUNCTION,EHCORRETORLOC,functions/EHCORRETORLOC.SQL,08/10/2026,20
FUNCTION,EHCORRETORVENDA,functions/EHCORRETORVENDA.SQL,08/10/2026,19
FUNCTION,EHSIMPLESNACIONAL,functions/EHSIMPLESNACIONAL.SQL,08/10/2026,31
FUNCTION,EH_DIA_UTIL_EMP,functions/EH_DIA_UTIL_EMP.SQL,08/10/2026,66
FUNCTION,EH_DIA_UTIL_EMP_GIRO,functions/EH_DIA_UTIL_EMP_GIRO.SQL,08/10/2026,98
FUNCTION,ESTAGIO_INTERESSE,functions/ESTAGIO_INTERESSE.SQL,08/10/2026,29
FUNCTION,ESTAGIO_RESERVACHAVE,functions/ESTAGIO_RESERVACHAVE.SQL,08/10/2026,43
FUNCTION,EVP_GET_CAMPO_DEC,functions/EVP_GET_CAMPO_DEC.SQL,08/10/2026,18
FUNCTION,EVP_GET_CAMPO_DTA,functions/EVP_GET_CAMPO_DTA.SQL,08/10/2026,18
FUNCTION,EVP_GET_CAMPO_INT,functions/EVP_GET_CAMPO_INT.SQL,08/10/2026,18
FUNCTION,EVP_GET_CAMPO_TEXTO,functions/EVP_GET_CAMPO_TEXTO.SQL,08/10/2026,18
FUNCTION,EXISTS_STP,functions/EXISTS_STP.SQL,08/10/2026,30
FUNCTION,EXTENSO_MONETARIO,functions/EXTENSO_MONETARIO.SQL,08/10/2026,189
FUNCTION,FAP_GET_NIVEL,functions/FAP_GET_NIVEL.SQL,08/10/2026,46
FUNCTION,FAP_GET_PATH,functions/FAP_GET_PATH.SQL,08/10/2026,45
FUNCTION,FCHECKOUT_UTILIZA,functions/FCHECKOUT_UTILIZA.SQL,08/10/2026,29
FUNCTION,FC_FORMATAHTML,functions/FC_FORMATAHTML.SQL,08/10/2026,42
FUNCTION,FC_ROWS_TO_CLOB,functions/FC_ROWS_TO_CLOB.SQL,08/10/2026,50
FUNCTION,FERIADO,functions/FERIADO.SQL,08/10/2026,73
FUNCTION,FIELD_LABEL,functions/FIELD_LABEL.SQL,08/10/2026,27
FUNCTION,FLW_GET_CAMPO_DEC,functions/FLW_GET_CAMPO_DEC.SQL,08/10/2026,29
FUNCTION,FLW_GET_CAMPO_DTA,functions/FLW_GET_CAMPO_DTA.SQL,08/10/2026,30
FUNCTION,FLW_GET_CAMPO_INT,functions/FLW_GET_CAMPO_INT.SQL,08/10/2026,29
FUNCTION,FLW_GET_CAMPO_TXT,functions/FLW_GET_CAMPO_TXT.SQL,08/10/2026,29
FUNCTION,FLW_GET_RESPONSAVEL_TAREFA,functions/FLW_GET_RESPONSAVEL_TAREFA.SQL,08/10/2026,37
FUNCTION,FLW_GET_TAREFA_PENDENTE,functions/FLW_GET_TAREFA_PENDENTE.SQL,08/10/2026,32
FUNCTION,FNC_CORTA_DECIMAL,functions/FNC_CORTA_DECIMAL.SQL,08/10/2026,22
FUNCTION,FORMATAR_CPF_CNPJ,functions/FORMATAR_CPF_CNPJ.SQL,08/10/2026,42
FUNCTION,FPODEVALIDAR,functions/FPODEVALIDAR.SQL,08/10/2026,58
FUNCTION,FRMT_LINHA_BOLETO,functions/FRMT_LINHA_BOLETO.SQL,08/10/2026,33
FUNCTION,FRMT_NOMEBCO_POLIPRINT,functions/FRMT_NOMEBCO_POLIPRINT.SQL,08/10/2026,52
FUNCTION,FSP_DATA_DIA_UTIL,functions/FSP_DATA_DIA_UTIL.SQL,08/10/2026,158
FUNCTION,FSP_DIF_DATAS_POR_EXTENSO,functions/FSP_DIF_DATAS_POR_EXTENSO.SQL,08/10/2026,49
FUNCTION,FSP_FORMATAR_CPF_CNPJ,functions/FSP_FORMATAR_CPF_CNPJ.SQL,08/10/2026,41
FUNCTION,FSP_GETDTLBOLETO,functions/FSP_GETDTLBOLETO.SQL,08/10/2026,53
FUNCTION,FSP_RETURN_DATAS_UTEIS,functions/FSP_RETURN_DATAS_UTEIS.SQL,08/10/2026,57
FUNCTION,FTEM_KIT_INDEPENDENTE,functions/FTEM_KIT_INDEPENDENTE.SQL,08/10/2026,31
FUNCTION,FTIM_EXECUTAR,functions/FTIM_EXECUTAR.SQL,08/10/2026,23
FUNCTION,FWMS_BUSCA_MENOR_OC,functions/FWMS_BUSCA_MENOR_OC.SQL,08/10/2026,49
FUNCTION,F_CONVERTELONG,functions/F_CONVERTELONG.SQL,08/10/2026,34
FUNCTION,F_DESCROPC,functions/F_DESCROPC.SQL,08/10/2026,37
FUNCTION,F_OBTEM_SALDO_INDENIZ,functions/F_OBTEM_SALDO_INDENIZ.SQL,08/10/2026,39
FUNCTION,F_WMS_GETESTOQUEDOCA,functions/F_WMS_GETESTOQUEDOCA.SQL,08/10/2026,42
FUNCTION,F_WMS_GETESTOQUEDOCA_PARC,functions/F_WMS_GETESTOQUEDOCA_PARC.SQL,08/10/2026,44
FUNCTION,F_WMS_GETPESOTAR,functions/F_WMS_GETPESOTAR.SQL,08/10/2026,31
FUNCTION,F_WMS_NIVEL_VALIDO_ENDERECO,functions/F_WMS_NIVEL_VALIDO_ENDERECO.SQL,08/10/2026,81
FUNCTION,F_WMS_QTDVOLPAD,functions/F_WMS_QTDVOLPAD.SQL,08/10/2026,37
FUNCTION,F_WMS_QTDVOLPAD2,functions/F_WMS_QTDVOLPAD2.SQL,08/10/2026,40
FUNCTION,GER_DESCR_BUSCA_IMV,functions/GER_DESCR_BUSCA_IMV.SQL,08/10/2026,23
FUNCTION,GETBLOB,functions/GETBLOB.SQL,08/10/2026,31
FUNCTION,GETCIDCONTATO,functions/GETCIDCONTATO.SQL,08/10/2026,30
FUNCTION,GETUF,functions/GETUF.SQL,08/10/2026,29
FUNCTION,GET_ADIARATUALIZACAOESTOQUE,functions/GET_ADIARATUALIZACAOESTOQUE.SQL,08/10/2026,18
FUNCTION,GET_CANDIDATO_APROV,functions/GET_CANDIDATO_APROV.SQL,08/10/2026,35
FUNCTION,GET_CODPROD_REF,functions/GET_CODPROD_REF.SQL,08/10/2026,119
FUNCTION,GET_COLUMNS_TABLE,functions/GET_COLUMNS_TABLE.SQL,08/10/2026,39
FUNCTION,GET_CONTROLE_CUSTO,functions/GET_CONTROLE_CUSTO.SQL,08/10/2026,25
FUNCTION,GET_CORRETORLOGADO,functions/GET_CORRETORLOGADO.SQL,08/10/2026,20
FUNCTION,GET_DEPEND,functions/GET_DEPEND.SQL,08/10/2026,56
FUNCTION,GET_DF_ESTADO,functions/GET_DF_ESTADO.SQL,08/10/2026,25
FUNCTION,GET_DIA_PROXMES,functions/GET_DIA_PROXMES.SQL,08/10/2026,21
FUNCTION,GET_DIA_UTIL_EC,functions/GET_DIA_UTIL_EC.SQL,08/10/2026,28
FUNCTION,GET_DISTANCIA,functions/GET_DISTANCIA.SQL,08/10/2026,39
FUNCTION,GET_EMPRESA_CUSTO,functions/GET_EMPRESA_CUSTO.SQL,08/10/2026,25
FUNCTION,GET_EVENTO_FOLHA,functions/GET_EVENTO_FOLHA.SQL,08/10/2026,38
FUNCTION,GET_EXTRATO_POUPANCA,functions/GET_EXTRATO_POUPANCA.SQL,08/10/2026,42
FUNCTION,GET_EXTRATO_REPASSE,functions/GET_EXTRATO_REPASSE.SQL,08/10/2026,66
FUNCTION,GET_INDICE_AJUSTE_NOTA,functions/GET_INDICE_AJUSTE_NOTA.SQL,08/10/2026,29
FUNCTION,GET_LINK_TELA,functions/GET_LINK_TELA.SQL,08/10/2026,25
FUNCTION,GET_LOCAL_CUSTO,functions/GET_LOCAL_CUSTO.SQL,08/10/2026,25
FUNCTION,GET_LOCAL_ORIGEM,functions/GET_LOCAL_ORIGEM.SQL,08/10/2026,38
FUNCTION,GET_NUNOTA_EC,functions/GET_NUNOTA_EC.SQL,08/10/2026,40
FUNCTION,GET_PRECOMOEDA,functions/GET_PRECOMOEDA.SQL,08/10/2026,115
FUNCTION,GET_PREVISAO_CREDITO_DEBITO,functions/GET_PREVISAO_CREDITO_DEBITO.SQL,08/10/2026,41
FUNCTION,GET_PROXIMO_DIA_UTIL,functions/GET_PROXIMO_DIA_UTIL.SQL,08/10/2026,111
FUNCTION,GET_QTD_FOTOS_IMV,functions/GET_QTD_FOTOS_IMV.SQL,08/10/2026,39
FUNCTION,GET_REQ_ABERTA,functions/GET_REQ_ABERTA.SQL,08/10/2026,36
FUNCTION,GET_TEM_RASTREAMENTO_ITENS,functions/GET_TEM_RASTREAMENTO_ITENS.SQL,08/10/2026,49
FUNCTION,GET_TEM_RASTSTULTENTRADA,functions/GET_TEM_RASTSTULTENTRADA.SQL,08/10/2026,52
FUNCTION,GET_TOTALMOVBANC,functions/GET_TOTALMOVBANC.SQL,08/10/2026,77
FUNCTION,GET_TSIPAR_DATA,functions/GET_TSIPAR_DATA.SQL,08/10/2026,27
FUNCTION,GET_TSIPAR_INTEIRO,functions/GET_TSIPAR_INTEIRO.SQL,08/10/2026,29
FUNCTION,GET_TSIPAR_LOGICO,functions/GET_TSIPAR_LOGICO.SQL,08/10/2026,25
FUNCTION,GET_TSIPAR_NUMERO,functions/GET_TSIPAR_NUMERO.SQL,08/10/2026,28
FUNCTION,GET_TSIPAR_TEXTO,functions/GET_TSIPAR_TEXTO.SQL,08/10/2026,28
FUNCTION,GET_TSIPAR_TIPO_CT,functions/GET_TSIPAR_TIPO_CT.SQL,08/10/2026,60
FUNCTION,GET_TSIPAR_USUARIO_DECIMAL,functions/GET_TSIPAR_USUARIO_DECIMAL.SQL,08/10/2026,36
FUNCTION,GET_TSIPAR_USUARIO_INTEIRO,functions/GET_TSIPAR_USUARIO_INTEIRO.SQL,08/10/2026,36
FUNCTION,GET_TSIPAR_USUARIO_LOGICO,functions/GET_TSIPAR_USUARIO_LOGICO.SQL,08/10/2026,36
FUNCTION,GET_TSIPAR_USUARIO_TEXTO,functions/GET_TSIPAR_USUARIO_TEXTO.SQL,08/10/2026,36
FUNCTION,GET_TYPE_COLUMN,functions/GET_TYPE_COLUMN.SQL,08/10/2026,46
FUNCTION,GET_VALEST_BLOQWMS_FAT,functions/GET_VALEST_BLOQWMS_FAT.SQL,08/10/2026,15
FUNCTION,GET_VALOR_TGFAJA,functions/GET_VALOR_TGFAJA.SQL,08/10/2026,33
FUNCTION,GET_VLRFRETE_TGFFNF,functions/GET_VLRFRETE_TGFFNF.SQL,08/10/2026,27
FUNCTION,HORAEXTRACARGAHORARIA,functions/HORAEXTRACARGAHORARIA.SQL,08/10/2026,57
FUNCTION,HORAEXTRACARGAHORARIA2,functions/HORAEXTRACARGAHORARIA2.SQL,08/10/2026,48
FUNCTION,HR2DEC,functions/HR2DEC.SQL,08/10/2026,18
FUNCTION,HR2MIN,functions/HR2MIN.SQL,08/10/2026,17
FUNCTION,INTERVALO_CARGA_HORARIA,functions/INTERVALO_CARGA_HORARIA.SQL,08/10/2026,32
FUNCTION,LINHA2COLUNA,functions/LINHA2COLUNA.SQL,08/10/2026,38
FUNCTION,MONTADESCRICAOCLASSE,functions/MONTADESCRICAOCLASSE.SQL,08/10/2026,36
FUNCTION,MONTA_PATH_CONTROLE,functions/MONTA_PATH_CONTROLE.SQL,08/10/2026,54
FUNCTION,MONTH_TO_CHAR,functions/MONTH_TO_CHAR.SQL,08/10/2026,48
FUNCTION,MULTIPLICA,functions/MULTIPLICA.SQL,08/10/2026,32
FUNCTION,OBTEMCUSTO,functions/OBTEMCUSTO.SQL,08/10/2026,92
FUNCTION,OBTEM_ALIQ_IPI,functions/OBTEM_ALIQ_IPI.SQL,08/10/2026,20
FUNCTION,OBTEM_EST_KIT_EC,functions/OBTEM_EST_KIT_EC.SQL,08/10/2026,34
FUNCTION,OBTEM_EST_KIT_LV,functions/OBTEM_EST_KIT_LV.SQL,08/10/2026,34
FUNCTION,OBTEM_NUFIN_SITE,functions/OBTEM_NUFIN_SITE.SQL,08/10/2026,19
FUNCTION,OBTEM_PRECO_CW,functions/OBTEM_PRECO_CW.SQL,08/10/2026,37
FUNCTION,OBTEM_PROX_PK_EC,functions/OBTEM_PROX_PK_EC.SQL,08/10/2026,19
FUNCTION,OPTION_LABEL,functions/OPTION_LABEL.SQL,08/10/2026,39
FUNCTION,PDES,functions/PDES.SQL,08/10/2026,33
FUNCTION,QTDEVOLPADRAO,functions/QTDEVOLPADRAO.SQL,08/10/2026,45
FUNCTION,QTDEVOLPADRAO2,functions/QTDEVOLPADRAO2.SQL,08/10/2026,48
FUNCTION,QUEBRALINHACHAR,functions/QUEBRALINHACHAR.SQL,08/10/2026,31
FUNCTION,RECEBIMENTO_M3_ARMAZ,functions/RECEBIMENTO_M3_ARMAZ.SQL,08/10/2026,35
FUNCTION,RECEBIMENTO_M3_CONFERIDO,functions/RECEBIMENTO_M3_CONFERIDO.SQL,08/10/2026,29
FUNCTION,RECEBIMENTO_M3_TOTAL,functions/RECEBIMENTO_M3_TOTAL.SQL,08/10/2026,28
FUNCTION,RECEBIMENTO_PESO_ARMAZ,functions/RECEBIMENTO_PESO_ARMAZ.SQL,08/10/2026,35
FUNCTION,RECEBIMENTO_PESO_CONFERIDO,functions/RECEBIMENTO_PESO_CONFERIDO.SQL,08/10/2026,29
FUNCTION,RECEBIMENTO_PESO_TOTAL,functions/RECEBIMENTO_PESO_TOTAL.SQL,08/10/2026,28
FUNCTION,SCORE_PREFIX,functions/SCORE_PREFIX.SQL,08/10/2026,29
FUNCTION,SNK_ANONIMIZA_DADOS_DATE,functions/SNK_ANONIMIZA_DADOS_DATE.SQL,18/09/2026,41
FUNCTION,SNK_ANONIMIZA_DADOS_NUMBER,functions/SNK_ANONIMIZA_DADOS_NUMBER.SQL,18/09/2026,28
FUNCTION,SNK_ANONIMIZA_DADOS_STRING,functions/SNK_ANONIMIZA_DADOS_STRING.SQL,18/09/2026,84
FUNCTION,SNK_BILHETAGEM_POR_FAIXA,functions/SNK_BILHETAGEM_POR_FAIXA.SQL,18/09/2026,62
FUNCTION,SNK_BITWISE_OR,functions/SNK_BITWISE_OR.SQL,18/09/2026,17
FUNCTION,SNK_BITWISE_XOR,functions/SNK_BITWISE_XOR.SQL,18/09/2026,17
FUNCTION,SNK_BLOQUEIO_FECHAMENTO,functions/SNK_BLOQUEIO_FECHAMENTO.SQL,18/09/2026,244
FUNCTION,SNK_BUSCA_ALIQ_REGIME_ESP,functions/SNK_BUSCA_ALIQ_REGIME_ESP.SQL,18/09/2026,38
FUNCTION,SNK_CALCULA_FALTAS_TFPFAL,functions/SNK_CALCULA_FALTAS_TFPFAL.SQL,18/09/2026,39
FUNCTION,SNK_CONFIRMOU_DESC_GRAN_CARGA,functions/SNK_CONFIRMOU_DESC_GRAN_CARGA.SQL,18/09/2026,64
FUNCTION,SNK_DATE_ADD,functions/SNK_DATE_ADD.SQL,18/09/2026,38
FUNCTION,SNK_DATE_DIFF,functions/SNK_DATE_DIFF.SQL,18/09/2026,23
FUNCTION,SNK_DIF_SEG,functions/SNK_DIF_SEG.SQL,18/09/2026,35
FUNCTION,SNK_DIVIDIR,functions/SNK_DIVIDIR.SQL,18/09/2026,27
FUNCTION,SNK_EXISTE_IDALIQ,functions/SNK_EXISTE_IDALIQ.SQL,18/09/2026,29
FUNCTION,SNK_EXISTE_IDALIQ_TGFIFE,functions/SNK_EXISTE_IDALIQ_TGFIFE.SQL,18/09/2026,29
FUNCTION,SNK_EXISTE_IDALIQ_TGFISS,functions/SNK_EXISTE_IDALIQ_TGFISS.SQL,18/09/2026,29
FUNCTION,SNK_EXTRAIR_CAMPO_DA_CHAVE,functions/SNK_EXTRAIR_CAMPO_DA_CHAVE.SQL,18/09/2026,38
FUNCTION,SNK_FORMATA_CODAGNOC,functions/SNK_FORMATA_CODAGNOC.SQL,18/09/2026,18
FUNCTION,SNK_FORMAT_DATE,functions/SNK_FORMAT_DATE.SQL,18/09/2026,23
FUNCTION,SNK_FORMAT_MOEDA,functions/SNK_FORMAT_MOEDA.SQL,18/09/2026,26
FUNCTION,SNK_FORMAT_MSG_BLOQ_FEC_CTB,functions/SNK_FORMAT_MSG_BLOQ_FEC_CTB.SQL,18/09/2026,21
FUNCTION,SNK_GETCODPRODALT,functions/SNK_GETCODPRODALT.SQL,18/09/2026,46
FUNCTION,SNK_GETDTBAIXABEM,functions/SNK_GETDTBAIXABEM.SQL,18/09/2026,39
FUNCTION,SNK_GETLIB_CODCENCUS,functions/SNK_GETLIB_CODCENCUS.SQL,18/09/2026,18
FUNCTION,SNK_GETLIB_CODEMP,functions/SNK_GETLIB_CODEMP.SQL,18/09/2026,36
FUNCTION,SNK_GETLIB_CODNAT,functions/SNK_GETLIB_CODNAT.SQL,18/09/2026,18
FUNCTION,SNK_GETLIB_CODPARC,functions/SNK_GETLIB_CODPARC.SQL,18/09/2026,18
FUNCTION,SNK_GETLIB_CODPROJ,functions/SNK_GETLIB_CODPROJ.SQL,18/09/2026,18
FUNCTION,SNK_GETLIB_NUNOTA,functions/SNK_GETLIB_NUNOTA.SQL,18/09/2026,18
FUNCTION,SNK_GETMESESSEMPIS,functions/SNK_GETMESESSEMPIS.SQL,18/09/2026,42
FUNCTION,SNK_GETNPARCPISCOF,functions/SNK_GETNPARCPISCOF.SQL,18/09/2026,41
FUNCTION,SNK_GETPRODUTOAGRUPADOGIRO,functions/SNK_GETPRODUTOAGRUPADOGIRO.SQL,18/09/2026,26
FUNCTION,SNK_GETPRODUTOGENERICO,functions/SNK_GETPRODUTOGENERICO.SQL,18/09/2026,34
FUNCTION,SNK_GETSOMAPARTILHA,functions/SNK_GETSOMAPARTILHA.SQL,18/09/2026,97
FUNCTION,SNK_GETSOMAPARTILHA2,functions/SNK_GETSOMAPARTILHA2.SQL,18/09/2026,70
FUNCTION,SNK_GETSOMAPARTILHA3,functions/SNK_GETSOMAPARTILHA3.SQL,18/09/2026,74
FUNCTION,SNK_GETSOMAVLRTGFDIN,functions/SNK_GETSOMAVLRTGFDIN.SQL,18/09/2026,39
FUNCTION,SNK_GETTIMEZONE,functions/SNK_GETTIMEZONE.SQL,18/09/2026,26
FUNCTION,SNK_GETTSIPARLOGICO,functions/SNK_GETTSIPARLOGICO.SQL,18/09/2026,29
FUNCTION,SNK_GETVLRREA,functions/SNK_GETVLRREA.SQL,18/09/2026,104
FUNCTION,SNK_GETVLRTGFDIN,functions/SNK_GETVLRTGFDIN.SQL,18/09/2026,50
FUNCTION,SNK_GETVLRTGFDINSIMPLES,functions/SNK_GETVLRTGFDINSIMPLES.SQL,18/09/2026,33
FUNCTION,SNK_GET_APURACAO_ICMS,functions/SNK_GET_APURACAO_ICMS.SQL,18/09/2026,33
FUNCTION,SNK_GET_BASEFINESTOQUERENEGGOL,functions/SNK_GET_BASEFINESTOQUERENEGGOL.SQL,18/09/2026,88
FUNCTION,SNK_GET_CENTROCUSTO_EFD,functions/SNK_GET_CENTROCUSTO_EFD.SQL,18/09/2026,30
FUNCTION,SNK_GET_CENTROCUSTO_IMOB_EFD,functions/SNK_GET_CENTROCUSTO_IMOB_EFD.SQL,18/09/2026,31
FUNCTION,SNK_GET_CFO,functions/SNK_GET_CFO.SQL,18/09/2026,266
FUNCTION,SNK_GET_CFO_ANT,functions/SNK_GET_CFO_ANT.SQL,18/09/2026,127
FUNCTION,SNK_GET_CFO_NOTA,functions/SNK_GET_CFO_NOTA.SQL,18/09/2026,92
FUNCTION,SNK_GET_CLASSIFICMS,functions/SNK_GET_CLASSIFICMS.SQL,18/09/2026,108
FUNCTION,SNK_GET_CODCFO,functions/SNK_GET_CODCFO.SQL,18/09/2026,73
FUNCTION,SNK_GET_CODEMP_EFDICMS_PKG,functions/SNK_GET_CODEMP_EFDICMS_PKG.SQL,18/09/2026,18
FUNCTION,SNK_GET_CODEMP_TGFAJA,functions/SNK_GET_CODEMP_TGFAJA.SQL,18/09/2026,28
FUNCTION,SNK_GET_CODIGO_OBSERVACAO,functions/SNK_GET_CODIGO_OBSERVACAO.SQL,18/09/2026,31
FUNCTION,SNK_GET_CODIGO_PRODUTO,functions/SNK_GET_CODIGO_PRODUTO.SQL,18/09/2026,56
FUNCTION,SNK_GET_CODIGO_SITUACAO,functions/SNK_GET_CODIGO_SITUACAO.SQL,18/09/2026,78
FUNCTION,SNK_GET_CODLOTACAO,functions/SNK_GET_CODLOTACAO.SQL,18/09/2026,47
FUNCTION,SNK_GET_COD_LEGAL,functions/SNK_GET_COD_LEGAL.SQL,18/09/2026,55
FUNCTION,SNK_GET_COLUMNS_ESOCIAL,functions/SNK_GET_COLUMNS_ESOCIAL.SQL,18/09/2026,52
FUNCTION,SNK_GET_COLUMNS_REINF,functions/SNK_GET_COLUMNS_REINF.SQL,18/09/2026,53
FUNCTION,SNK_GET_COLUMNS_TABLE,functions/SNK_GET_COLUMNS_TABLE.SQL,18/09/2026,40
FUNCTION,SNK_GET_CONFIG_TOP_IPIDEVOL,functions/SNK_GET_CONFIG_TOP_IPIDEVOL.SQL,18/09/2026,35
FUNCTION,SNK_GET_CONTACONTABIL_EFD,functions/SNK_GET_CONTACONTABIL_EFD.SQL,18/09/2026,44
FUNCTION,SNK_GET_CONTACONTABIL_IMOB_EFD,functions/SNK_GET_CONTACONTABIL_IMOB_EFD.SQL,18/09/2026,42
FUNCTION,SNK_GET_CONTROLE_CUSTO,functions/SNK_GET_CONTROLE_CUSTO.SQL,18/09/2026,28
FUNCTION,SNK_GET_CTACTB_CADASTROS_EFD,functions/SNK_GET_CTACTB_CADASTROS_EFD.SQL,18/09/2026,284
FUNCTION,SNK_GET_CUS_VAR_TIT,functions/SNK_GET_CUS_VAR_TIT.SQL,18/09/2026,34
FUNCTION,SNK_GET_DATE_PART,functions/SNK_GET_DATE_PART.SQL,18/09/2026,29
FUNCTION,SNK_GET_DENTRO_FORA_ESTADO,functions/SNK_GET_DENTRO_FORA_ESTADO.SQL,18/09/2026,101
FUNCTION,SNK_GET_DESCPROD_PARC,functions/SNK_GET_DESCPROD_PARC.SQL,18/09/2026,17
FUNCTION,SNK_GET_DESCR_TIPFOLHA,functions/SNK_GET_DESCR_TIPFOLHA.SQL,18/09/2026,55
FUNCTION,SNK_GET_DTFIM_EFDICMS_PKG,functions/SNK_GET_DTFIM_EFDICMS_PKG.SQL,18/09/2026,18
FUNCTION,SNK_GET_DTINI_EFDICMS_PKG,functions/SNK_GET_DTINI_EFDICMS_PKG.SQL,18/09/2026,18
FUNCTION,SNK_GET_DTREFCUSTOGOL,functions/SNK_GET_DTREFCUSTOGOL.SQL,18/09/2026,27
FUNCTION,SNK_GET_DTREF_ESOCIAL,functions/SNK_GET_DTREF_ESOCIAL.SQL,18/09/2026,20
FUNCTION,SNK_GET_DTREF_EXEC_ESOCIAL,functions/SNK_GET_DTREF_EXEC_ESOCIAL.SQL,18/09/2026,21
FUNCTION,SNK_GET_DTREF_META,functions/SNK_GET_DTREF_META.SQL,18/09/2026,68
FUNCTION,SNK_GET_DTULTCUSPRODGENTEMP,functions/SNK_GET_DTULTCUSPRODGENTEMP.SQL,18/09/2026,29
FUNCTION,SNK_GET_DTULTIMOCUSTO,functions/SNK_GET_DTULTIMOCUSTO.SQL,18/09/2026,27
FUNCTION,SNK_GET_EMPRESA_CUSTO,functions/SNK_GET_EMPRESA_CUSTO.SQL,18/09/2026,28
FUNCTION,SNK_GET_FAMILIA,functions/SNK_GET_FAMILIA.SQL,18/09/2026,38
FUNCTION,SNK_GET_GRUPO_ICMS,functions/SNK_GET_GRUPO_ICMS.SQL,18/09/2026,29
FUNCTION,SNK_GET_HIERARQUIA,functions/SNK_GET_HIERARQUIA.SQL,18/09/2026,35
FUNCTION,SNK_GET_ICMS_ESPECIAL_CAB,functions/SNK_GET_ICMS_ESPECIAL_CAB.SQL,18/09/2026,47
FUNCTION,SNK_GET_ICMS_ESPECIAL_ITE,functions/SNK_GET_ICMS_ESPECIAL_ITE.SQL,18/09/2026,62
FUNCTION,SNK_GET_IDPROCESSO_IMP_EFD,functions/SNK_GET_IDPROCESSO_IMP_EFD.SQL,18/09/2026,81
FUNCTION,SNK_GET_INDICADOR_EMITENTE,functions/SNK_GET_INDICADOR_EMITENTE.SQL,18/09/2026,47
FUNCTION,SNK_GET_INDITENS,functions/SNK_GET_INDITENS.SQL,18/09/2026,34
FUNCTION,SNK_GET_INI_FAT_CON,functions/SNK_GET_INI_FAT_CON.SQL,18/09/2026,45
FUNCTION,SNK_GET_LOCAL_CUSTO,functions/SNK_GET_LOCAL_CUSTO.SQL,18/09/2026,27
FUNCTION,SNK_GET_MODELO_DOCUMENTO,functions/SNK_GET_MODELO_DOCUMENTO.SQL,18/09/2026,40
FUNCTION,SNK_GET_NAT_FILHA_REC_DESP,functions/SNK_GET_NAT_FILHA_REC_DESP.SQL,18/09/2026,55
FUNCTION,SNK_GET_NOTA_DO_PEDIDO,functions/SNK_GET_NOTA_DO_PEDIDO.SQL,18/09/2026,53
FUNCTION,SNK_GET_NUFIN,functions/SNK_GET_NUFIN.SQL,18/09/2026,128
FUNCTION,SNK_GET_NUNOTA,functions/SNK_GET_NUNOTA.SQL,18/09/2026,87
FUNCTION,SNK_GET_NUNOTA_EFDICMS_PKG,functions/SNK_GET_NUNOTA_EFDICMS_PKG.SQL,18/09/2026,18
FUNCTION,SNK_GET_ORIGEM_PRODUTO,functions/SNK_GET_ORIGEM_PRODUTO.SQL,18/09/2026,27
FUNCTION,SNK_GET_ORIGEM_PRODUTO_ALT,functions/SNK_GET_ORIGEM_PRODUTO_ALT.SQL,18/09/2026,25
FUNCTION,SNK_GET_ORIGEM_PRODUTO_ITE,functions/SNK_GET_ORIGEM_PRODUTO_ITE.SQL,18/09/2026,29
FUNCTION,SNK_GET_PARTE_BLOB,functions/SNK_GET_PARTE_BLOB.SQL,18/09/2026,35
FUNCTION,SNK_GET_PERIODO,functions/SNK_GET_PERIODO.SQL,18/09/2026,36
FUNCTION,SNK_GET_PK_FOR_ESOCIAL,functions/SNK_GET_PK_FOR_ESOCIAL.SQL,18/09/2026,35
FUNCTION,SNK_GET_PK_FOR_REINF,functions/SNK_GET_PK_FOR_REINF.SQL,18/09/2026,41
FUNCTION,SNK_GET_PRECO,functions/SNK_GET_PRECO.SQL,18/09/2026,305
FUNCTION,SNK_GET_PRODTOK,functions/SNK_GET_PRODTOK.SQL,18/09/2026,95
FUNCTION,SNK_GET_PROX_SEQ_TGMTRA,functions/SNK_GET_PROX_SEQ_TGMTRA.SQL,18/09/2026,27
FUNCTION,SNK_GET_ROTINA_FEC_CTB,functions/SNK_GET_ROTINA_FEC_CTB.SQL,18/09/2026,19
FUNCTION,SNK_GET_SATUSCONFERENCIA,functions/SNK_GET_SATUSCONFERENCIA.SQL,18/09/2026,86
FUNCTION,SNK_GET_SEQ_ATUAL_ESOCIAL,functions/SNK_GET_SEQ_ATUAL_ESOCIAL.SQL,18/09/2026,20
FUNCTION,SNK_GET_ST_RECUPERAR,functions/SNK_GET_ST_RECUPERAR.SQL,18/09/2026,59
FUNCTION,SNK_GET_TAMANHO_BLOB,functions/SNK_GET_TAMANHO_BLOB.SQL,18/09/2026,22
FUNCTION,SNK_GET_TIPO_ITEM,functions/SNK_GET_TIPO_ITEM.SQL,18/09/2026,73
FUNCTION,SNK_GET_TPAMB_ESOCIAL,functions/SNK_GET_TPAMB_ESOCIAL.SQL,18/09/2026,21
FUNCTION,SNK_GET_UF_EFDICMS_PKG,functions/SNK_GET_UF_EFDICMS_PKG.SQL,18/09/2026,18
FUNCTION,SNK_GET_VALID_S2200_ESOCIAL,functions/SNK_GET_VALID_S2200_ESOCIAL.SQL,18/09/2026,173
FUNCTION,SNK_GET_VAR,functions/SNK_GET_VAR.SQL,18/09/2026,28
FUNCTION,SNK_GET_VLRITENS,functions/SNK_GET_VLRITENS.SQL,18/09/2026,29
FUNCTION,SNK_GET_VLRLIQUIDO,functions/SNK_GET_VLRLIQUIDO.SQL,18/09/2026,50
FUNCTION,SNK_GET_VLRTOT_ITENS,functions/SNK_GET_VLRTOT_ITENS.SQL,18/09/2026,38
FUNCTION,SNK_GET_VLRTOT_SERVICO,functions/SNK_GET_VLRTOT_SERVICO.SQL,18/09/2026,33
FUNCTION,SNK_INSTR,functions/SNK_INSTR.SQL,18/09/2026,18
FUNCTION,SNK_INT2DATETIME,functions/SNK_INT2DATETIME.SQL,18/09/2026,19
FUNCTION,SNK_IS_IN_PARAMLIST,functions/SNK_IS_IN_PARAMLIST.SQL,18/09/2026,30
FUNCTION,SNK_MATGIR_GET_MULTCPA,functions/SNK_MATGIR_GET_MULTCPA.SQL,18/09/2026,40
FUNCTION,SNK_MATGIR_GET_QTDTOTALMULTCPA,functions/SNK_MATGIR_GET_QTDTOTALMULTCPA.SQL,18/09/2026,64
FUNCTION,SNK_MOD,functions/SNK_MOD.SQL,18/09/2026,23
FUNCTION,SNK_MULTIPLE_REPLACE,functions/SNK_MULTIPLE_REPLACE.SQL,18/09/2026,42
FUNCTION,SNK_PERCENTUAL,functions/SNK_PERCENTUAL.SQL,18/09/2026,27
FUNCTION,SNK_PRECO,functions/SNK_PRECO.SQL,17/09/2026,53
FUNCTION,SNK_QTD_DIAS_UTEIS,functions/SNK_QTD_DIAS_UTEIS.SQL,18/09/2026,28
FUNCTION,SNK_REMOVE_CARACTER_ESPECIAL,functions/SNK_REMOVE_CARACTER_ESPECIAL.SQL,18/09/2026,35
FUNCTION,SNK_REMOVE_ZEROS_DIREITA,functions/SNK_REMOVE_ZEROS_DIREITA.SQL,18/09/2026,33
FUNCTION,SNK_TEM_VLR_LIQUIDO_ITEM_NFE,functions/SNK_TEM_VLR_LIQUIDO_ITEM_NFE.SQL,18/09/2026,56
FUNCTION,SNK_TGFTOKCAM,functions/SNK_TGFTOKCAM.SQL,18/09/2026,32
FUNCTION,SNK_TGFTOKCFG,functions/SNK_TGFTOKCFG.SQL,18/09/2026,31
FUNCTION,SNK_TOCHARDATE,functions/SNK_TOCHARDATE.SQL,18/09/2026,18
FUNCTION,SNK_TOCHARDATETIME,functions/SNK_TOCHARDATETIME.SQL,18/09/2026,18
FUNCTION,SNK_TOCHARDAY,functions/SNK_TOCHARDAY.SQL,18/09/2026,18
FUNCTION,SNK_TOCHARINTEGER,functions/SNK_TOCHARINTEGER.SQL,18/09/2026,18
FUNCTION,SNK_TODATE,functions/SNK_TODATE.SQL,18/09/2026,18
FUNCTION,SNK_TODATETIME,functions/SNK_TODATETIME.SQL,18/09/2026,18
FUNCTION,SNK_TONUMBER,functions/SNK_TONUMBER.SQL,18/09/2026,17
FUNCTION,SNK_TO_BASE64,functions/SNK_TO_BASE64.SQL,18/09/2026,20
FUNCTION,SNK_TRIM,functions/SNK_TRIM.SQL,18/09/2026,23
FUNCTION,SNK_TRUNC,functions/SNK_TRUNC.SQL,18/09/2026,25
FUNCTION,SNK_TRUNC_DATE,functions/SNK_TRUNC_DATE.SQL,18/09/2026,23
FUNCTION,SNK_VALIDA_CNPJ,functions/SNK_VALIDA_CNPJ.SQL,18/09/2026,70
FUNCTION,SNK_VALIDA_CPF,functions/SNK_VALIDA_CPF.SQL,18/09/2026,64
FUNCTION,SNK_VAL_DATA_INTERVALO_CON,functions/SNK_VAL_DATA_INTERVALO_CON.SQL,18/09/2026,38
FUNCTION,SNK_VERIFICA_NOME_IDX,functions/SNK_VERIFICA_NOME_IDX.SQL,18/09/2026,58
FUNCTION,SNK_VERIFICA_PK_TGMTRA,functions/SNK_VERIFICA_PK_TGMTRA.SQL,18/09/2026,26
FUNCTION,SNK_VERIFICA_SE_UTILIZA,functions/SNK_VERIFICA_SE_UTILIZA.SQL,18/09/2026,29
FUNCTION,SOMA_DIA_UTIL,functions/SOMA_DIA_UTIL.SQL,08/10/2026,33
FUNCTION,STP_GET_ATUALIZANDO,functions/STP_GET_ATUALIZANDO.SQL,08/10/2026,18
FUNCTION,STP_GET_CHECKOUT_CALC_IMPOSTO,functions/STP_GET_CHECKOUT_CALC_IMPOSTO.SQL,08/10/2026,18
FUNCTION,STP_GET_CODUSULOGADO,functions/STP_GET_CODUSULOGADO.SQL,08/10/2026,18
FUNCTION,STP_GET_DISVALLDT,functions/STP_GET_DISVALLDT.SQL,08/10/2026,29
FUNCTION,STP_GET_TIMUTILIZAIMOB,functions/STP_GET_TIMUTILIZAIMOB.SQL,08/10/2026,18
FUNCTION,STP_GET_UTILIZAFECHACTB,functions/STP_GET_UTILIZAFECHACTB.SQL,08/10/2026,18
FUNCTION,STP_GET_VARIAVEIS,functions/STP_GET_VARIAVEIS.SQL,08/10/2026,27
FUNCTION,STRAGG,functions/STRAGG.SQL,08/10/2026,13
FUNCTION,TIM_ACUMULAINDICE,functions/TIM_ACUMULAINDICE.SQL,08/10/2026,34
FUNCTION,TIM_ACUMULAINDICEPROP,functions/TIM_ACUMULAINDICEPROP.SQL,08/10/2026,44
FUNCTION,TIM_ASSINAFIADOR,functions/TIM_ASSINAFIADOR.SQL,08/10/2026,53
FUNCTION,TIM_ASSINAINQUILINO,functions/TIM_ASSINAINQUILINO.SQL,08/10/2026,55
FUNCTION,TIM_ASSINALOCADOR,functions/TIM_ASSINALOCADOR.SQL,08/10/2026,56
FUNCTION,TIM_BUILD_BAIRROCIDADE,functions/TIM_BUILD_BAIRROCIDADE.SQL,08/10/2026,28
FUNCTION,TIM_BUILD_LOGRADOURO,functions/TIM_BUILD_LOGRADOURO.SQL,08/10/2026,28
FUNCTION,TIM_BUILD_UFCEP,functions/TIM_BUILD_UFCEP.SQL,08/10/2026,28
FUNCTION,TIM_CLASSIFICADOS2,functions/TIM_CLASSIFICADOS2.SQL,08/10/2026,37
FUNCTION,TIM_COMPOEANUNCIOCFI,functions/TIM_COMPOEANUNCIOCFI.SQL,08/10/2026,43
FUNCTION,TIM_COMPOEVALORCFI,functions/TIM_COMPOEVALORCFI.SQL,08/10/2026,16
FUNCTION,TIM_DATABASE,functions/TIM_DATABASE.SQL,08/10/2026,30
FUNCTION,TIM_DEFINIR_DATA_REPASSE,functions/TIM_DEFINIR_DATA_REPASSE.SQL,08/10/2026,47
FUNCTION,TIM_DESCRICAO_IMOVELAP,functions/TIM_DESCRICAO_IMOVELAP.SQL,08/10/2026,20
FUNCTION,TIM_DETALHEVISITAS2,functions/TIM_DETALHEVISITAS2.SQL,08/10/2026,54
FUNCTION,TIM_DNORM_ENDERECO,functions/TIM_DNORM_ENDERECO.SQL,08/10/2026,132
FUNCTION,TIM_ENDERECO_IMOVEL_MAPS,functions/TIM_ENDERECO_IMOVEL_MAPS.SQL,08/10/2026,121
FUNCTION,TIM_ENDERECO_MAPS,functions/TIM_ENDERECO_MAPS.SQL,08/10/2026,55
FUNCTION,TIM_FIELDSMENURETROAPR,functions/TIM_FIELDSMENURETROAPR.SQL,08/10/2026,32
FUNCTION,TIM_FORMATACPFCNPJ,functions/TIM_FORMATACPFCNPJ.SQL,08/10/2026,29
FUNCTION,TIM_FORMATAENDERECO,functions/TIM_FORMATAENDERECO.SQL,08/10/2026,51
FUNCTION,TIM_FORMATAPESSOA,functions/TIM_FORMATAPESSOA.SQL,08/10/2026,75
FUNCTION,TIM_FORMATATELEFONE,functions/TIM_FORMATATELEFONE.SQL,08/10/2026,61
FUNCTION,TIM_GERADESCRICAO,functions/TIM_GERADESCRICAO.SQL,08/10/2026,65
FUNCTION,TIM_GET_TSIPAR_INTEIRO,functions/TIM_GET_TSIPAR_INTEIRO.SQL,08/10/2026,32
FUNCTION,TIM_MONTAFIADOR,functions/TIM_MONTAFIADOR.SQL,08/10/2026,50
FUNCTION,TIM_MONTAFORMAREPASSE,functions/TIM_MONTAFORMAREPASSE.SQL,08/10/2026,61
FUNCTION,TIM_MONTAINQUILINO,functions/TIM_MONTAINQUILINO.SQL,08/10/2026,50
FUNCTION,TIM_MONTAPROPRIETARIOS,functions/TIM_MONTAPROPRIETARIOS.SQL,08/10/2026,37
FUNCTION,TIM_MONTH,functions/TIM_MONTH.SQL,08/10/2026,17
FUNCTION,TIM_MONTHEXT,functions/TIM_MONTHEXT.SQL,08/10/2026,47
FUNCTION,TIM_PARAM_BOL,functions/TIM_PARAM_BOL.SQL,08/10/2026,27
FUNCTION,TIM_PARAM_DEC,functions/TIM_PARAM_DEC.SQL,08/10/2026,27
FUNCTION,TIM_PARAM_INT,functions/TIM_PARAM_INT.SQL,08/10/2026,27
FUNCTION,TIM_PARAM_TEXT,functions/TIM_PARAM_TEXT.SQL,08/10/2026,27
FUNCTION,TIM_POSSUI_FIN_JUR,functions/TIM_POSSUI_FIN_JUR.SQL,08/10/2026,32
FUNCTION,TIM_SOMA_DIA_COMERCIAL,functions/TIM_SOMA_DIA_COMERCIAL.SQL,08/10/2026,54
FUNCTION,TIM_TOCHARDATE,functions/TIM_TOCHARDATE.SQL,08/10/2026,17
FUNCTION,TIM_TOCHARDATETIME,functions/TIM_TOCHARDATETIME.SQL,08/10/2026,17
FUNCTION,TIM_TOCHARDAY,functions/TIM_TOCHARDAY.SQL,08/10/2026,17
FUNCTION,TIM_TOCHARINTEGER,functions/TIM_TOCHARINTEGER.SQL,08/10/2026,17
FUNCTION,TIM_TODATE,functions/TIM_TODATE.SQL,08/10/2026,17
FUNCTION,TIM_TODATETIME,functions/TIM_TODATETIME.SQL,08/10/2026,17
FUNCTION,TIM_TRUNCMONTH,functions/TIM_TRUNCMONTH.SQL,08/10/2026,17
FUNCTION,TIM_TRUNCYEAR,functions/TIM_TRUNCYEAR.SQL,08/10/2026,17
FUNCTION,TIM_VISITASIMOVEL2,functions/TIM_VISITASIMOVEL2.SQL,08/10/2026,53
FUNCTION,TIM_YEAR,functions/TIM_YEAR.SQL,08/10/2026,18
FUNCTION,VALIDA_ATRASO_PARCEIRO,functions/VALIDA_ATRASO_PARCEIRO.SQL,08/10/2026,17
FUNCTION,VOLUMEALT,functions/VOLUMEALT.SQL,08/10/2026,70
PACKAGE_SPEC,EFDICMS_PKG,packages/EFDICMS_PKG.SQL,08/10/2026,22
PACKAGE_SPEC,ERROS_PKG,packages/ERROS_PKG.SQL,08/10/2026,65
PACKAGE_SPEC,ESOCIAL_PKG,packages/ESOCIAL_PKG.SQL,08/10/2026,21
PACKAGE_SPEC,ESTOQUE_PKG,packages/ESTOQUE_PKG.SQL,08/10/2026,16
PACKAGE_SPEC,PKG_IMOBILIZADO,packages/PKG_IMOBILIZADO.SQL,08/10/2026,17
PACKAGE_SPEC,RASTRESTOQUE_PKG,packages/RASTRESTOQUE_PKG.SQL,08/10/2026,19
PACKAGE_SPEC,SYNC_PKG,packages/SYNC_PKG.SQL,08/10/2026,16
PACKAGE_SPEC,TCBBFC_LOG_PKG,packages/TCBBFC_LOG_PKG.SQL,08/10/2026,17
PACKAGE_SPEC,TCBLAN_PKG,packages/TCBLAN_PKG.SQL,08/10/2026,16
PACKAGE_SPEC,TGFCAB_PKG,packages/TGFCAB_PKG.SQL,08/10/2026,34
PACKAGE_SPEC,TGFCAB_UPD_PKG,packages/TGFCAB_UPD_PKG.SQL,08/10/2026,23
PACKAGE_SPEC,TGFFIN_PKG,packages/TGFFIN_PKG.SQL,08/10/2026,23
PACKAGE_SPEC,TGFITE_PKG,packages/TGFITE_PKG.SQL,08/10/2026,45
PACKAGE_SPEC,TGFVEI_PKG,packages/TGFVEI_PKG.SQL,08/10/2026,17
PACKAGE_SPEC,TGMTME_PKG,packages/TGMTME_PKG.SQL,08/10/2026,25
PACKAGE_SPEC,TGMTRA_PKG,packages/TGMTRA_PKG.SQL,08/10/2026,42
PACKAGE_SPEC,TSIUSU_LOG_PKG,packages/TSIUSU_LOG_PKG.SQL,08/10/2026,17
PACKAGE_SPEC,VALIDA_ESTOQUE_PKG,packages/VALIDA_ESTOQUE_PKG.SQL,08/10/2026,17
PACKAGE_SPEC,VALIDA_ESTOQUE_PKG40,packages/VALIDA_ESTOQUE_PKG40.SQL,08/10/2026,21
PACKAGE_SPEC,VARIAVEIS_PKG,packages/VARIAVEIS_PKG.SQL,08/10/2026,120
PROCEDURE,GET_IMPOSTOS_RASTSTULTENTRADA,procedures/GET_IMPOSTOS_RASTSTULTENTRADA.SQL,08/10/2026,92
PROCEDURE,GET_IMPOSTOS_RAT_EST,procedures/GET_IMPOSTOS_RAT_EST.SQL,08/10/2026,336
PROCEDURE,SNK_ORIGEM_DESTINO_ENTREGA,procedures/SNK_ORIGEM_DESTINO_ENTREGA.SQL,08/10/2026,138
PROCEDURE,SNK_VAL_UTIL_PRODUTO_GENERICO,procedures/SNK_VAL_UTIL_PRODUTO_GENERICO.SQL,08/10/2026,41
PROCEDURE,STP_ATUALIZA_TGFEST,procedures/STP_ATUALIZA_TGFEST.SQL,08/10/2026,113
PROCEDURE,STP_GRAVATABLOG,procedures/STP_GRAVATABLOG.SQL,08/10/2026,93
PROCEDURE,STP_LOGTSIALT,procedures/STP_LOGTSIALT.SQL,08/10/2026,58
PROCEDURE,STP_MSG_CERTIFIC_CODINST,procedures/STP_MSG_CERTIFIC_CODINST.SQL,08/10/2026,97
PROCEDURE,STP_MSG_CERTIFIC_TIPO,procedures/STP_MSG_CERTIFIC_TIPO.SQL,08/10/2026,47
PROCEDURE,STP_OBTEM_DATAS_ARMAZEM,procedures/STP_OBTEM_DATAS_ARMAZEM.SQL,08/10/2026,77
PROCEDURE,STP_OBTEM_PRECO2,procedures/STP_OBTEM_PRECO2.SQL,08/10/2026,18
PROCEDURE,STP_POPULA_MSG,procedures/STP_POPULA_MSG.SQL,08/10/2026,35
PROCEDURE,STP_PRODALTERNATIVO,procedures/STP_PRODALTERNATIVO.SQL,08/10/2026,84
PROCEDURE,STP_RASTREAMENTO_EST_ITENS,procedures/STP_RASTREAMENTO_EST_ITENS.SQL,08/10/2026,522
PROCEDURE,STP_TIM_INSERT_TIMDTL,procedures/STP_TIM_INSERT_TIMDTL.SQL,08/10/2026,76
PROCEDURE,STP_TIM_INSERT_TIMLDT,procedures/STP_TIM_INSERT_TIMLDT.SQL,08/10/2026,58
PROCEDURE,STP_TROCA_NUMTRANSF,procedures/STP_TROCA_NUMTRANSF.SQL,08/10/2026,19
PROCEDURE,STP_VALIDA_ENQUADRAMENTO_IPI,procedures/STP_VALIDA_ENQUADRAMENTO_IPI.SQL,08/10/2026,37
PROCEDURE,STP_VALIDA_ENQUADRAMENTO_IPI_2,procedures/STP_VALIDA_ENQUADRAMENTO_IPI_2.SQL,08/10/2026,39
PROCEDURE,STP_VALIDA_ESTOQUE40,procedures/STP_VALIDA_ESTOQUE40.SQL,08/10/2026,224
PROCEDURE,STP_VALIDA_VEICULO,procedures/STP_VALIDA_VEICULO.SQL,08/10/2026,25
TABLE,TCBINT,tables/TCBINT.SQL,18/09/2026,29
TABLE,TFPFUN,tables/TFPFUN.SQL,18/09/2026,537
TABLE,TGFBAR,tables/TGFBAR.SQL,18/09/2026,25
TABLE,TGFCAB,tables/TGFCAB.SQL,18/09/2026,650
TABLE,TGFCHQ,tables/TGFCHQ.SQL,18/09/2026,29
TABLE,TGFCOI2,tables/TGFCOI2.SQL,18/09/2026,33
TABLE,TGFCON2,tables/TGFCON2.SQL,18/09/2026,32
TABLE,TGFCTE,tables/TGFCTE.SQL,18/09/2026,46
TABLE,TGFCUS,tables/TGFCUS.SQL,18/09/2026,57
TABLE,TGFDIN,tables/TGFDIN.SQL,18/09/2026,129
TABLE,TGFDTP,tables/TGFDTP.SQL,18/09/2026,28
TABLE,TGFECQ,tables/TGFECQ.SQL,18/09/2026,30
TABLE,TGFEST,tables/TGFEST.SQL,18/09/2026,51
TABLE,TGFFIN,tables/TGFFIN.SQL,18/09/2026,361
TABLE,TGFGRU,tables/TGFGRU.SQL,18/09/2026,119
TABLE,TGFITE,tables/TGFITE.SQL,18/09/2026,322
TABLE,TGFIXN,tables/TGFIXN.SQL,18/09/2026,125
TABLE,TGFLOC,tables/TGFLOC.SQL,18/09/2026,56
TABLE,TGFNAT,tables/TGFNAT.SQL,18/09/2026,74
TABLE,TGFNCT,tables/TGFNCT.SQL,18/09/2026,40
TABLE,TGFNUM,tables/TGFNUM.SQL,18/09/2026,40
TABLE,TGFPAR,tables/TGFPAR.SQL,18/09/2026,460
TABLE,TGFPRO,tables/TGFPRO.SQL,18/09/2026,753
TABLE,TGFSER,tables/TGFSER.SQL,18/09/2026,36
TABLE,TGFTOP,tables/TGFTOP.SQL,18/09/2026,780
TABLE,TGFTPV,tables/TGFTPV.SQL,18/09/2026,118
TABLE,TGFVAR,tables/TGFVAR.SQL,18/09/2026,29
TABLE,TGFVEN,tables/TGFVEN.SQL,18/09/2026,82
TABLE,TGFVOA,tables/TGFVOA.SQL,18/09/2026,56
TABLE,TMDFMG,tables/TMDFMG.SQL,18/09/2026,59
TABLE,TPRAPA,tables/TPRAPA.SQL,18/09/2026,29
TABLE,TPRAPO,tables/TPRAPO.SQL,18/09/2026,25
TABLE,TPRATV,tables/TPRATV.SQL,18/09/2026,100
TABLE,TPRCONF,tables/TPRCONF.SQL,18/09/2026,30
TABLE,TPREFX,tables/TPREFX.SQL,18/09/2026,43
TABLE,TPRIATV,tables/TPRIATV.SQL,18/09/2026,51
TABLE,TPRIMPS,tables/TPRIMPS.SQL,18/09/2026,59
TABLE,TPRIPA,tables/TPRIPA.SQL,18/09/2026,28
TABLE,TPRIPROC,tables/TPRIPROC.SQL,18/09/2026,53
TABLE,TPRLMP,tables/TPRLMP.SQL,18/09/2026,62
TABLE,TPRLPA,tables/TPRLPA.SQL,18/09/2026,62
TABLE,TPRLPI,tables/TPRLPI.SQL,18/09/2026,46
TABLE,TPRMPS,tables/TPRMPS.SQL,18/09/2026,38
TABLE,TPROEST,tables/TPROEST.SQL,18/09/2026,84
TABLE,TPRPRC,tables/TPRPRC.SQL,18/09/2026,98
TABLE,TPRSERPA,tables/TPRSERPA.SQL,18/09/2026,25
TABLE,TSIBAI,tables/TSIBAI.SQL,18/09/2026,33
TABLE,TSICID,tables/TSICID.SQL,18/09/2026,113
TABLE,TSICTA,tables/TSICTA.SQL,18/09/2026,170
TABLE,TSIEND,tables/TSIEND.SQL,18/09/2026,34
TABLE,TSIPAR,tables/TSIPAR.SQL,18/09/2026,33
TABLE,TSIUFS,tables/TSIUFS.SQL,18/09/2026,57
TABLE,TSIUSU,tables/TSIUSU.SQL,18/09/2026,215
TRIGGER,TRG_DLT_TGFCAB,triggers/TRG_DLT_TGFCAB.SQL,08/10/2026,459
TRIGGER,TRG_DLT_TGFCAB_AFTER,triggers/TRG_DLT_TGFCAB_AFTER.SQL,08/10/2026,33
TRIGGER,TRG_DLT_TGFCAB_AUTINV,triggers/TRG_DLT_TGFCAB_AUTINV.SQL,08/10/2026,66
TRIGGER,TRG_DLT_TGFCAB_ECF,triggers/TRG_DLT_TGFCAB_ECF.SQL,08/10/2026,46
TRIGGER,TRG_DLT_TGFCAB_ESTTERC,triggers/TRG_DLT_TGFCAB_ESTTERC.SQL,08/10/2026,93
TRIGGER,TRG_DLT_TGFCAB_LIB41,triggers/TRG_DLT_TGFCAB_LIB41.SQL,08/10/2026,51
TRIGGER,TRG_DLT_TGFCAB_METAS,triggers/TRG_DLT_TGFCAB_METAS.SQL,08/10/2026,72
TRIGGER,TRG_DLT_TGFCAB_RASTEST,triggers/TRG_DLT_TGFCAB_RASTEST.SQL,08/10/2026,105
TRIGGER,TRG_DLT_TGFFIN,triggers/TRG_DLT_TGFFIN.SQL,08/10/2026,409
TRIGGER,TRG_DLT_TGFFIN_EXCLUSAO,triggers/TRG_DLT_TGFFIN_EXCLUSAO.SQL,08/10/2026,69
TRIGGER,TRG_DLT_TGFITE,triggers/TRG_DLT_TGFITE.SQL,08/10/2026,553
TRIGGER,TRG_DLT_TGFITE_AFTER,triggers/TRG_DLT_TGFITE_AFTER.SQL,08/10/2026,195
TRIGGER,TRG_DLT_TGFITE_FLEX,triggers/TRG_DLT_TGFITE_FLEX.SQL,08/10/2026,163
TRIGGER,TRG_DLT_TGFITE_HCRUZADAS,triggers/TRG_DLT_TGFITE_HCRUZADAS.SQL,08/10/2026,38
TRIGGER,TRG_DLT_TGFITE_METAS,triggers/TRG_DLT_TGFITE_METAS.SQL,08/10/2026,30
TRIGGER,TRG_DLT_TGFITE_TGFCUSITE,triggers/TRG_DLT_TGFITE_TGFCUSITE.SQL,08/10/2026,53
TRIGGER,TRG_DLT_TGFITE_TGFICO,triggers/TRG_DLT_TGFITE_TGFICO.SQL,08/10/2026,34
TRIGGER,TRG_DLT_TGFITE_TRANSG,triggers/TRG_DLT_TGFITE_TRANSG.SQL,08/10/2026,28
TRIGGER,TRG_DLT_TGFPAR,triggers/TRG_DLT_TGFPAR.SQL,08/10/2026,135
TRIGGER,TRG_DLT_TGFPRO,triggers/TRG_DLT_TGFPRO.SQL,08/10/2026,94
TRIGGER,TRG_DLT_TGFSER,triggers/TRG_DLT_TGFSER.SQL,08/10/2026,61
TRIGGER,TRG_DLT_TGFVAR,triggers/TRG_DLT_TGFVAR.SQL,08/10/2026,23
TRIGGER,TRG_DLT_TGFVAR_AFTER,triggers/TRG_DLT_TGFVAR_AFTER.SQL,08/10/2026,37
TRIGGER,TRG_DLT_TPRLPA,triggers/TRG_DLT_TPRLPA.SQL,08/10/2026,63
TRIGGER,TRG_DLT_TSICID,triggers/TRG_DLT_TSICID.SQL,08/10/2026,40
TRIGGER,TRG_DLT_UPD_TGFCUS,triggers/TRG_DLT_UPD_TGFCUS.SQL,08/10/2026,31
TRIGGER,TRG_FX_TGFPAR,triggers/TRG_FX_TGFPAR.SQL,08/10/2026,43
TRIGGER,TRG_FX_TGFPRO,triggers/TRG_FX_TGFPRO.SQL,08/10/2026,250
TRIGGER,TRG_FX_TSICID,triggers/TRG_FX_TSICID.SQL,08/10/2026,46
TRIGGER,TRG_INC_TGFCAB,triggers/TRG_INC_TGFCAB.SQL,08/10/2026,487
TRIGGER,TRG_INC_TGFCAB_EC,triggers/TRG_INC_TGFCAB_EC.SQL,08/10/2026,174
TRIGGER,TRG_INC_TGFFIN,triggers/TRG_INC_TGFFIN.SQL,08/10/2026,350
TRIGGER,TRG_INC_TGFITE,triggers/TRG_INC_TGFITE.SQL,08/10/2026,453
TRIGGER,TRG_INC_TGFITE_AFTER,triggers/TRG_INC_TGFITE_AFTER.SQL,08/10/2026,87
TRIGGER,TRG_INC_TGFITE_FLEX,triggers/TRG_INC_TGFITE_FLEX.SQL,08/10/2026,165
TRIGGER,TRG_INC_TGFPAR,triggers/TRG_INC_TGFPAR.SQL,08/10/2026,201
TRIGGER,TRG_INC_TGFSER,triggers/TRG_INC_TGFSER.SQL,08/10/2026,88
TRIGGER,TRG_INC_TGFVAR,triggers/TRG_INC_TGFVAR.SQL,08/10/2026,594
TRIGGER,TRG_INC_TGFVAR_BLOQ_SAFRA,triggers/TRG_INC_TGFVAR_BLOQ_SAFRA.SQL,08/10/2026,77
TRIGGER,TRG_INC_TPRLPA,triggers/TRG_INC_TPRLPA.SQL,08/10/2026,76
TRIGGER,TRG_INC_UPD_DEL_TGFVAR_CFIDEL,triggers/TRG_INC_UPD_DEL_TGFVAR_CFIDEL.SQL,08/10/2026,124
TRIGGER,TRG_INC_UPD_DLT_TGFEST_EC,triggers/TRG_INC_UPD_DLT_TGFEST_EC.SQL,08/10/2026,30
TRIGGER,TRG_INC_UPD_DLT_TGFFIN_SSPMB,triggers/TRG_INC_UPD_DLT_TGFFIN_SSPMB.SQL,08/10/2026,251
TRIGGER,TRG_INC_UPD_DLT_TGFITE_DAV,triggers/TRG_INC_UPD_DLT_TGFITE_DAV.SQL,08/10/2026,131
TRIGGER,TRG_INC_UPD_DLT_TGFITE_ESE,triggers/TRG_INC_UPD_DLT_TGFITE_ESE.SQL,08/10/2026,166
TRIGGER,TRG_INC_UPD_DLT_TGFITE_ESTTERC,triggers/TRG_INC_UPD_DLT_TGFITE_ESTTERC.SQL,08/10/2026,403
TRIGGER,TRG_INC_UPD_DLT_TGFITE_LIB41,triggers/TRG_INC_UPD_DLT_TGFITE_LIB41.SQL,08/10/2026,59
TRIGGER,TRG_INC_UPD_DLT_TGFITE_RASTEST,triggers/TRG_INC_UPD_DLT_TGFITE_RASTEST.SQL,08/10/2026,142
TRIGGER,TRG_INC_UPD_DLT_TGFITE_RASTST,triggers/TRG_INC_UPD_DLT_TGFITE_RASTST.SQL,08/10/2026,170
TRIGGER,TRG_INC_UPD_DLT_TGFPRO_SUBST,triggers/TRG_INC_UPD_DLT_TGFPRO_SUBST.SQL,08/10/2026,112
TRIGGER,TRG_INC_UPD_DLT_TPRAPA,triggers/TRG_INC_UPD_DLT_TPRAPA.SQL,08/10/2026,20
TRIGGER,TRG_INC_UPD_FX_TGFCAB,triggers/TRG_INC_UPD_FX_TGFCAB.SQL,08/10/2026,68
TRIGGER,TRG_INC_UPD_TGFCAB_CERTIFIC,triggers/TRG_INC_UPD_TGFCAB_CERTIFIC.SQL,08/10/2026,230
TRIGGER,TRG_INC_UPD_TGFCAB_ORD,triggers/TRG_INC_UPD_TGFCAB_ORD.SQL,08/10/2026,184
TRIGGER,TRG_INC_UPD_TGFCAB_RASTST,triggers/TRG_INC_UPD_TGFCAB_RASTST.SQL,08/10/2026,61
TRIGGER,TRG_INC_UPD_TGFCAB_TGFGXE,triggers/TRG_INC_UPD_TGFCAB_TGFGXE.SQL,08/10/2026,41
TRIGGER,TRG_INC_UPD_TGFCUS,triggers/TRG_INC_UPD_TGFCUS.SQL,08/10/2026,21
TRIGGER,TRG_INC_UPD_TGFCUS_DATA_LAKE,triggers/TRG_INC_UPD_TGFCUS_DATA_LAKE.SQL,08/10/2026,17
TRIGGER,TRG_INC_UPD_TGFEST_BAR,triggers/TRG_INC_UPD_TGFEST_BAR.SQL,08/10/2026,49
TRIGGER,TRG_INC_UPD_TGFEST_ROUND,triggers/TRG_INC_UPD_TGFEST_ROUND.SQL,08/10/2026,29
TRIGGER,TRG_INC_UPD_TGFEST_TGFGXE,triggers/TRG_INC_UPD_TGFEST_TGFGXE.SQL,08/10/2026,29
TRIGGER,TRG_INC_UPD_TGFFIN_CERTIFIC,triggers/TRG_INC_UPD_TGFFIN_CERTIFIC.SQL,08/10/2026,199
TRIGGER,TRG_INC_UPD_TGFFIN_DTNEG,triggers/TRG_INC_UPD_TGFFIN_DTNEG.SQL,08/10/2026,44
TRIGGER,TRG_INC_UPD_TGFFIN_DTPRAZO,triggers/TRG_INC_UPD_TGFFIN_DTPRAZO.SQL,08/10/2026,35
TRIGGER,TRG_INC_UPD_TGFFIN_DTVENC,triggers/TRG_INC_UPD_TGFFIN_DTVENC.SQL,08/10/2026,32
TRIGGER,TRG_INC_UPD_TGFFIN_MONIOCOREM,triggers/TRG_INC_UPD_TGFFIN_MONIOCOREM.SQL,08/10/2026,401
TRIGGER,TRG_INC_UPD_TGFFIN_TGFORD,triggers/TRG_INC_UPD_TGFFIN_TGFORD.SQL,08/10/2026,49
TRIGGER,TRG_INC_UPD_TGFFIN_VINCNT,triggers/TRG_INC_UPD_TGFFIN_VINCNT.SQL,08/10/2026,32
TRIGGER,TRG_INC_UPD_TGFITE,triggers/TRG_INC_UPD_TGFITE.SQL,08/10/2026,64
TRIGGER,TRG_INC_UPD_TGFITE_ATIVO,triggers/TRG_INC_UPD_TGFITE_ATIVO.SQL,08/10/2026,49
TRIGGER,TRG_INC_UPD_TGFITE_CERTIFIC,triggers/TRG_INC_UPD_TGFITE_CERTIFIC.SQL,08/10/2026,254
TRIGGER,TRG_INC_UPD_TGFITE_PRODNFE,triggers/TRG_INC_UPD_TGFITE_PRODNFE.SQL,08/10/2026,311
TRIGGER,TRG_INC_UPD_TGFITE_RASTEST,triggers/TRG_INC_UPD_TGFITE_RASTEST.SQL,08/10/2026,238
TRIGGER,TRG_INC_UPD_TGFITE_TGAMOV,triggers/TRG_INC_UPD_TGFITE_TGAMOV.SQL,08/10/2026,176
TRIGGER,TRG_INC_UPD_TGFITE_TGFGXE,triggers/TRG_INC_UPD_TGFITE_TGFGXE.SQL,08/10/2026,31
TRIGGER,TRG_INC_UPD_TGFITE_TRANSG,triggers/TRG_INC_UPD_TGFITE_TRANSG.SQL,08/10/2026,194
TRIGGER,TRG_INC_UPD_TGFITE_VERIFCORTE,triggers/TRG_INC_UPD_TGFITE_VERIFCORTE.SQL,08/10/2026,48
TRIGGER,TRG_INC_UPD_TGFMDC,triggers/TRG_INC_UPD_TGFMDC.SQL,08/10/2026,33
TRIGGER,TRG_INC_UPD_TGFNNH_TGFFIN,triggers/TRG_INC_UPD_TGFNNH_TGFFIN.SQL,08/10/2026,90
TRIGGER,TRG_INC_UPD_TGFPAR_AFTER,triggers/TRG_INC_UPD_TGFPAR_AFTER.SQL,08/10/2026,33
TRIGGER,TRG_INC_UPD_TGFPAR_EC,triggers/TRG_INC_UPD_TGFPAR_EC.SQL,08/10/2026,60
TRIGGER,TRG_INC_UPD_TGFPRO,triggers/TRG_INC_UPD_TGFPRO.SQL,08/10/2026,285
TRIGGER,TRG_INC_UPD_TGFPRO_EC,triggers/TRG_INC_UPD_TGFPRO_EC.SQL,08/10/2026,51
TRIGGER,TRG_INC_UPD_TGFPRO_TGFREA,triggers/TRG_INC_UPD_TGFPRO_TGFREA.SQL,08/10/2026,33
TRIGGER,TRG_INC_UPD_TGFVAR,triggers/TRG_INC_UPD_TGFVAR.SQL,08/10/2026,148
TRIGGER,TRG_INC_UPD_TSICID_SITE,triggers/TRG_INC_UPD_TSICID_SITE.SQL,08/10/2026,19
TRIGGER,TRG_INC_UPT_DLT_TGFCAB_FEC_CTB,triggers/TRG_INC_UPT_DLT_TGFCAB_FEC_CTB.SQL,08/10/2026,479
TRIGGER,TRG_INC_UPT_DLT_TGFCAB_INDENIZ,triggers/TRG_INC_UPT_DLT_TGFCAB_INDENIZ.SQL,08/10/2026,144
TRIGGER,TRG_INC_UPT_DLT_TGFCUS_FEC_CTB,triggers/TRG_INC_UPT_DLT_TGFCUS_FEC_CTB.SQL,08/10/2026,183
TRIGGER,TRG_INC_UPT_DLT_TGFFIN_FEC_CTB,triggers/TRG_INC_UPT_DLT_TGFFIN_FEC_CTB.SQL,08/10/2026,294
TRIGGER,TRG_INC_UPT_DLT_TGFITE_FEC_CTB,triggers/TRG_INC_UPT_DLT_TGFITE_FEC_CTB.SQL,08/10/2026,341
TRIGGER,TRG_INC_UPT_TGFEST_BAR_TRANSF,triggers/TRG_INC_UPT_TGFEST_BAR_TRANSF.SQL,08/10/2026,101
TRIGGER,TRG_INC_UPT_TGFEST_CODBARRA,triggers/TRG_INC_UPT_TGFEST_CODBARRA.SQL,08/10/2026,154
TRIGGER,TRG_INC_UPT_TGFFIN_STATUSNFE,triggers/TRG_INC_UPT_TGFFIN_STATUSNFE.SQL,08/10/2026,235
TRIGGER,TRG_INC_UPT_TGFPRO_MARCA,triggers/TRG_INC_UPT_TGFPRO_MARCA.SQL,08/10/2026,35
TRIGGER,TRG_INC_UPT_TGFPRO_REFERENCIA,triggers/TRG_INC_UPT_TGFPRO_REFERENCIA.SQL,08/10/2026,78
TRIGGER,TRG_INS_UPD_TGFPAR_FLEX,triggers/TRG_INS_UPD_TGFPAR_FLEX.SQL,08/10/2026,42
TRIGGER,TRG_I_U_D_1_TGFPRO_LOG,triggers/TRG_I_U_D_1_TGFPRO_LOG.SQL,08/10/2026,915
TRIGGER,TRG_I_U_D_2_TGFPRO_LOG,triggers/TRG_I_U_D_2_TGFPRO_LOG.SQL,08/10/2026,931
TRIGGER,TRG_I_U_D_3_TGFPRO_LOG,triggers/TRG_I_U_D_3_TGFPRO_LOG.SQL,08/10/2026,931
TRIGGER,TRG_I_U_D_4_TGFPRO_LOG,triggers/TRG_I_U_D_4_TGFPRO_LOG.SQL,08/10/2026,931
TRIGGER,TRG_I_U_D_5_TGFPRO_LOG,triggers/TRG_I_U_D_5_TGFPRO_LOG.SQL,08/10/2026,544
TRIGGER,TRG_TGFCAB_INC_UPD_AFT_TIMFK,triggers/TRG_TGFCAB_INC_UPD_AFT_TIMFK.SQL,08/10/2026,107
TRIGGER,TRG_TGFCAB_INC_UPD_TIMFK,triggers/TRG_TGFCAB_INC_UPD_TIMFK.SQL,08/10/2026,54
TRIGGER,TRG_TGFCAB_INC_UPD_VINCNT,triggers/TRG_TGFCAB_INC_UPD_VINCNT.SQL,08/10/2026,35
TRIGGER,TRG_TGFFIN_ATL_IPTU,triggers/TRG_TGFFIN_ATL_IPTU.SQL,08/10/2026,60
TRIGGER,TRG_TGFFIN_DLT_AFT_TIMFK,triggers/TRG_TGFFIN_DLT_AFT_TIMFK.SQL,08/10/2026,100
TRIGGER,TRG_TGFFIN_DLT_TIMFK,triggers/TRG_TGFFIN_DLT_TIMFK.SQL,08/10/2026,49
TRIGGER,TRG_TGFFIN_INC_UPD_AFT_TIMFK,triggers/TRG_TGFFIN_INC_UPD_AFT_TIMFK.SQL,08/10/2026,279
TRIGGER,TRG_TGFFIN_INC_UPD_DIFVLRLDT,triggers/TRG_TGFFIN_INC_UPD_DIFVLRLDT.SQL,08/10/2026,100
TRIGGER,TRG_TGFFIN_INC_UPD_TIMFK,triggers/TRG_TGFFIN_INC_UPD_TIMFK.SQL,08/10/2026,88
TRIGGER,TRG_TGFFIN_TIMVALDTL,triggers/TRG_TGFFIN_TIMVALDTL.SQL,08/10/2026,43
TRIGGER,TRG_TGFFIN_TIMVALDTL_AFT,triggers/TRG_TGFFIN_TIMVALDTL_AFT.SQL,08/10/2026,106
TRIGGER,TRG_TGFFIN_TIM_BAIXA_CJMD,triggers/TRG_TGFFIN_TIM_BAIXA_CJMD.SQL,08/10/2026,57
TRIGGER,TRG_TGFFIN_TIM_BAIXA_CJMDB,triggers/TRG_TGFFIN_TIM_BAIXA_CJMDB.SQL,08/10/2026,95
TRIGGER,TRG_TGFFIN_TIM_BAIXA_CJMD_AFT,triggers/TRG_TGFFIN_TIM_BAIXA_CJMD_AFT.SQL,08/10/2026,293
TRIGGER,TRG_UPD_DLT_TGFCAB_EC,triggers/TRG_UPD_DLT_TGFCAB_EC.SQL,08/10/2026,41
TRIGGER,TRG_UPD_TGFCAB,triggers/TRG_UPD_TGFCAB.SQL,08/10/2026,1016
TRIGGER,TRG_UPD_TGFCAB_AFTER,triggers/TRG_UPD_TGFCAB_AFTER.SQL,08/10/2026,131
TRIGGER,TRG_UPD_TGFCAB_DTBEM,triggers/TRG_UPD_TGFCAB_DTBEM.SQL,08/10/2026,46
TRIGGER,TRG_UPD_TGFCAB_EST,triggers/TRG_UPD_TGFCAB_EST.SQL,08/10/2026,179
TRIGGER,TRG_UPD_TGFCAB_EST_TGFEFA,triggers/TRG_UPD_TGFCAB_EST_TGFEFA.SQL,08/10/2026,74
TRIGGER,TRG_UPD_TGFCAB_FLEX,triggers/TRG_UPD_TGFCAB_FLEX.SQL,08/10/2026,221
TRIGGER,TRG_UPD_TGFCAB_GRANDES_CARGAS,triggers/TRG_UPD_TGFCAB_GRANDES_CARGAS.SQL,08/10/2026,60
TRIGGER,TRG_UPD_TGFCAB_METAS,triggers/TRG_UPD_TGFCAB_METAS.SQL,08/10/2026,335
TRIGGER,TRG_UPD_TGFCAB_SERIE,triggers/TRG_UPD_TGFCAB_SERIE.SQL,08/10/2026,107
TRIGGER,TRG_UPD_TGFCAB_TCIBEM,triggers/TRG_UPD_TGFCAB_TCIBEM.SQL,08/10/2026,119
TRIGGER,TRG_UPD_TGFCAB_TGAMOV,triggers/TRG_UPD_TGFCAB_TGAMOV.SQL,08/10/2026,53
TRIGGER,TRG_UPD_TGFCAB_TGFCPP,triggers/TRG_UPD_TGFCAB_TGFCPP.SQL,08/10/2026,111
TRIGGER,TRG_UPD_TGFCAB_TRANSG,triggers/TRG_UPD_TGFCAB_TRANSG.SQL,08/10/2026,55
TRIGGER,TRG_UPD_TGFEST,triggers/TRG_UPD_TGFEST.SQL,08/10/2026,148
TRIGGER,TRG_UPD_TGFFIN_GRAVAR,triggers/TRG_UPD_TGFFIN_GRAVAR.SQL,08/10/2026,64
TRIGGER,TRG_UPD_TGFFIN_GRAVAR_AFT,triggers/TRG_UPD_TGFFIN_GRAVAR_AFT.SQL,08/10/2026,132
TRIGGER,TRG_UPD_TGFFIN_TIMDTREPASSE,triggers/TRG_UPD_TGFFIN_TIMDTREPASSE.SQL,08/10/2026,109
TRIGGER,TRG_UPD_TGFITE_FLEX,triggers/TRG_UPD_TGFITE_FLEX.SQL,08/10/2026,205
TRIGGER,TRG_UPD_TGFITE_TCIBEM,triggers/TRG_UPD_TGFITE_TCIBEM.SQL,08/10/2026,66
TRIGGER,TRG_UPD_TGFPAR,triggers/TRG_UPD_TGFPAR.SQL,08/10/2026,185
TRIGGER,TRG_UPD_TGFPAR_LOG,triggers/TRG_UPD_TGFPAR_LOG.SQL,08/10/2026,174
TRIGGER,TRG_UPD_TGFPRO_LOG,triggers/TRG_UPD_TGFPRO_LOG.SQL,08/10/2026,57
TRIGGER,TRG_UPD_TGFPRO_TGFVOA,triggers/TRG_UPD_TGFPRO_TGFVOA.SQL,08/10/2026,58
TRIGGER,TRG_UPT_TGFEST_AFTER,triggers/TRG_UPT_TGFEST_AFTER.SQL,08/10/2026,134
TRIGGER,TRG_UPT_TGFFIN,triggers/TRG_UPT_TGFFIN.SQL,08/10/2026,605
TRIGGER,TRG_UPT_TGFFIN_AFTER,triggers/TRG_UPT_TGFFIN_AFTER.SQL,08/10/2026,68
TRIGGER,TRG_UPT_TGFFIN_M2,triggers/TRG_UPT_TGFFIN_M2.SQL,08/10/2026,50
TRIGGER,TRG_UPT_TGFFIN_METAS,triggers/TRG_UPT_TGFFIN_METAS.SQL,08/10/2026,61
TRIGGER,TRG_UPT_TGFFIN_NUBCO,triggers/TRG_UPT_TGFFIN_NUBCO.SQL,08/10/2026,60
TRIGGER,TRG_UPT_TGFITE_AFTER,triggers/TRG_UPT_TGFITE_AFTER.SQL,08/10/2026,194
TRIGGER,TRG_UPT_TGFITE_METAS,triggers/TRG_UPT_TGFITE_METAS.SQL,08/10/2026,66
TRIGGER,TRG_UPT_TGFVAR,triggers/TRG_UPT_TGFVAR.SQL,08/10/2026,334
